target,complex_id,max_com_jump_A,max_drift_A,is_pbc_artifact,is_probably_unbound
2XU3,0220b4986165db73cd9f0775b82b7838,1.7938403511207057,3.6455464723662843,False,False
2XU3,13e1da8f0e67c08c5ef1cb0ebded75a5,31.052980806811664,45.304630062999166,True,True
2XU3,187b2fb9351c5f10d65f710e85056c31,2.0738138215710062,4.591167331551554,False,False
2XU3,20ffceabec2b95cc0b401b1d1e504f6b,2.1697449707717613,6.9079602547290015,False,False
2XU3,2cb6e34fab1ee523b2a48790b68ad465,1.4378899428129888,4.3530096081071985,False,False
2XU3,335dd6fbc3377cdcf2401cfc6056bc9c,4.100706642090833,11.787004779613737,False,True
2XU3,37eaa144facb029500f427e04d484481,1.0800173945935752,3.1385802444480806,False,False
2XU3,39cbab9e91b4af7ae5b0eed4a14b90f9,1.035060026044846,2.6042026380604097,False,False
2XU3,4232bcfa9c606f52c8067ff9e22fe8af,1.5215160609070169,8.228765773047746,False,True
2XU3,424689a2bad294c9a4d19ed5924324de,1.273124471708422,3.1666973255587236,False,False
2XU3,6ef67d129dcb37a0be630ca24c321f02,2.308595358072638,9.157067790172519,False,True
2XU3,7969946fa4a7d73df90d5fadcdef4b59,1.5552854191487744,4.483501625776027,False,False
2XU3,88de53427c78a4f8890a2b946385d70b,3.7459510494031836,10.97625087475504,False,True
2XU3,98cf559a50ee84d38e7648c91b0c564d,3.2175007204648978,9.68820872898884,False,True
2XU3,99c9a8dee8fadf56676d8f90e6848e58,1.1112516505445997,3.1419019148267524,False,False
2XU3,9c772b2f96c879dc662e5f137990844f,5.423170735883266,15.280550890043296,False,True
2XU3,a1409d89193dd0a7a4a54efb7c4b0b88,1.1584582645917125,2.893398117077951,False,False
2XU3,a864b4e510a4a9f05aa2438e3cebd634,1.106793202730163,4.7260897565962825,False,False
2XU3,ad3886476184578f75d5af9504b7aca7,2.3712734631830648,7.832325859729707,False,False
2XU3,c42e22237c07702a044507738b0805b2,1.9127352652390788,4.837934440377885,False,False
2XU3,c5cf1f886c6849f8233c8b282a929680,3.769039154774222,10.244130861575613,False,True
2XU3,c842104ea7034c335c96f16efde3aff4,3.3364795181793734,7.728650876489742,False,False
2XU3,cb20abd70e0ece3d85e1338101d4bd72,4.028591009711057,13.748778792894683,False,True
2XU3,d60363c0fec1c05a155d848f9a232a3e,4.210757902934904,11.145445483367148,False,True
2XU3,def33b1b26713c8ce7794e1cee2141c6,2.6691151857101554,5.828359860122385,False,False
2XU3,e93a4d36831e1c123940b06eb94b7e74,5.20981965736657,15.188176579340679,False,True
2XU3,f885f085c98c18670a7ddbe3c7a763da,2.47860186306932,9.11692882237368,False,True
2XU3,fd5ba50d24141a833001dc12a320fc8f,1.4514307322446394,3.972795553128337,False,False
2XU3,ff8edf23e1c4463cdc767531d804cef1,1.4145889044543143,3.375758790912236,False,False
2XU3,fffe47a81a0ad8b0cd7beae03f34b077,25.209137272904613,49.17270273876789,True,True
3I06,0708a8656ea2024a7a2f0e1407f518a7,2.0356486916383427,9.195278721621161,False,True
3I06,0790157ee26dfb0fea3a1ce3db026f75,3.5282034058599883,9.501931500368093,False,True
3I06,37f9f904b3a0eaee2c624e4559ebe52f,3.0021636538695837,15.035740471751694,False,True
3I06,3c117a293542d626d77f570da38bd5f1,4.800077244187346,14.94964407511044,False,True
3I06,3f6e40d3068fb0fd99bfa763ed0ca2bb,4.80956568924815,18.668818854975413,False,True
3I06,4438f9709f9cecfb7ddd62b05fff9f8d,4.521466386927042,10.80398493180948,False,True
3I06,47a8000e16980306005511b953a06ecf,2.6979071320914794,7.552860208525862,False,False
3I06,4a67881e46b87364ec2e0ec7cbbf0bec,4.772033373052416,15.874167565664866,False,True
3I06,5d418a86059c42695f5856b68e7a7118,4.247199758640864,10.823373702101172,False,True
3I06,642b2e0e340ac4d3adcf66589e7fd012,4.346627084427296,10.892153977374917,False,True
3I06,7024d698ad06da1b887b5df50f7728d3,2.812827395815115,12.413103306382236,False,True
3I06,752f05c1f66a8f4b3b1789ec136a4c33,28.648384219014243,45.311082376244,True,True
3I06,77b75df8109925be76df5616a3e1c899,3.371656883681473,10.425652812418674,False,True
3I06,8aec869639fd159e3c91d77b4fcc4e79,28.3467396549917,42.177455992006934,True,True
3I06,922db9175a15e6a2d34d02717b0de6ab,20.111349792877416,38.19952177382399,True,True
3I06,9dff198666f179b8a182da3e203eae73,20.822472058765,23.304505300897723,True,True
3I06,b19d1a70ff3d2abd6986665d47eff086,32.87915227757076,44.56114049610271,True,True
3I06,b60c297c7199140f1f38ac6909b5bf24,3.1631273546570466,7.832854196256837,False,False
3I06,b85a22ec0aa0dc6afd4221dc2f0bb482,4.222411116723881,10.330607332966004,False,True
3I06,ba808f52df2ffa29ea7a2a6a9cd5f0b8,4.026102364677927,15.563392484707435,False,True
3I06,c2f2ee45493f8ae40c2fd957499cc3f6,3.8662516771423174,10.03746453809793,False,True
3I06,cabddb27a77b57b277eb28c407a26d3f,2.8478489305720713,7.9426122821445,False,False
3I06,d03b3614f1c49ff6b9fbf5832ee9770f,38.35234739791759,43.81269412941253,True,True
3I06,e32bacbac8502d337dc3d54d78b564a2,2.3555724817815915,7.9306822178614835,False,False
3I06,e40809a6930ce378fdcb37d1b644e2d6,3.12567638074938,13.998017056629175,False,True
3I06,e49cfa366cc64bab8e1edf37b372cbf6,25.055974111954576,43.375904181787774,True,True
3I06,ea7f0fb058ae9dd251ae33c9d872926b,20.74057877936787,39.24014622173736,True,True
3I06,f1a057393d7efd3f562b774490f9dfd1,2.656980585250132,9.235220581013879,False,True
3I06,fa4de5e62b4e32e8b3d71088211803e0,3.364984403257779,15.544559015898955,False,True
3I06,ff032b5793a25a8e4f9611a34a394671,34.811974966915926,48.544210671147425,True,True
4A5S,163d7079bdd82c1e475b5abe5436959a,2.6311643007825873,8.24236516296502,False,True
4A5S,1b98d4c02a814a1c58e384be9fe73e92,44.55491459554558,76.8989290316093,True,True
4A5S,25f842cc3cf5b87a32d72adc77c97780,1.9257305436270324,7.718181016834069,False,False
4A5S,26daa23c738cb8c7dababa4ee2a1c4fb,3.667929270367797,13.34408891927632,False,True
4A5S,308f2419f5e0ca7b6d39aac23a7de2ff,7.342071338569399,18.65018079593108,True,True
4A5S,40cb8b0c3343c02f5a6c40f02757e920,58.16590577783251,68.03905442319919,True,True
4A5S,5266e860e65e5fc94b8ebfcb7843c31f,2.064354412402901,6.777914700218496,False,False
4A5S,57bff1b2673d3c8b9006213161935522,40.25920271851243,58.9397260962604,True,True
4A5S,6c4846b6eaf17057657b89d9f3678cfc,2.3096186112620716,9.098348133239655,False,True
4A5S,6efdc9276471f46eacd8dbafd71ddfd6,2.7590217576920493,6.9948581976014506,False,False
4A5S,7a1bbdb9f1f8528edd767025c45e5cc8,3.350184646579187,11.661169484555172,False,True
4A5S,819a7f7be372131a469fbed045c9eb33,2.8515148474952445,11.46598261367654,False,True
4A5S,96e384ca0fb900959cf2205b9121fb47,2.872739654921288,10.886860358349134,False,True
4A5S,abcebd7334a50be9b204a4899d5d8881,3.8347775351494104,10.8795516620095,False,True
4A5S,ac0197ee4a02894e2611e255e0125503,27.46131149287876,68.93274116685309,True,True
4A5S,b2bcac7a4f0262268b1a6d2db8d7eb5a,3.1876556247765793,13.234255456159651,False,True
4A5S,b4d6bf83422567e92f6475f4f9bd6ec8,3.4287483074545633,10.074954785301308,False,True
4A5S,ba32a5ca5c7e6e2db41283cf2f90660d,3.604527277578036,13.264464252238085,False,True
4A5S,bd1567927f497abd4e18605be0e5f9dc,2.6256413801454834,8.764455409599964,False,True
4A5S,c6780a0007686453a29186d9ec94b23f,33.083855752249576,63.5408772156395,True,True
4A5S,c82e0b161bf77b819bbafff08f9a082e,2.6582448820732996,15.355233568095036,False,True
4A5S,c8dee15f6cbcf595a6900314ad342f99,3.090257356145932,10.204786649374798,False,True
4A5S,c94a26f4dff73a180f04c48dad017723,48.62327772460837,58.69361601895496,True,True
4A5S,ca1e569ab7c7bc83c949f9e20ed78453,2.2878023745269216,7.1563193833651475,False,False
4A5S,cfe4d9b13bebf025bdbd30504f03c83a,4.3739767629829025,10.746916400891283,False,True
4A5S,d15af9a4462ff88f2cfafbc6cc94912e,4.979503577314189,18.394578553872492,False,True
4A5S,d1a961f69c709d74aaec2945249f508c,56.551644568862635,63.59508145903031,True,True
4A5S,de36f12fbdb6f099ba5ac3231fe389e0,4.310189996180088,11.321130498499915,False,True
4A5S,ea054fd43eb193b0b6268f917ed60185,34.54623742356064,83.02079377429634,True,True
4A5S,fbf450a68aa0a625ec13f6c762944a3b,3.7013729409732403,11.040238052856015,False,True
4L7G,03d2d012db8145e06c35d7e016c645dc,4.988185427304437,19.978571628333718,False,True
4L7G,055e1e9c95b2378efd3fc90b82948709,1.1790552598384978,3.180432696108629,False,False
4L7G,0677f513ac408d66c189e10e0ee4d76f,2.785516452526071,8.853347036863019,False,True
4L7G,078844c7f38624b3996505d0f98526ca,1.552388331193185,6.3536021620950045,False,False
4L7G,0a826045d720c0a795bd1979a728e35c,24.923759066271302,44.47673036983155,True,True
4L7G,166e854e6f7609934b769fb3b19101c0,1.5530319511857524,5.752937998454306,False,False
4L7G,3116f4c5342bf41e08cd23593057d9ac,2.915354883594281,6.433536081339919,False,False
4L7G,39f4f10d914c61149f1719bf477dd932,1.2985550326052364,3.7743222646048546,False,False
4L7G,3a87c373b8ee3ee690e68ccce89857a3,1.089372452356985,3.3776598293421056,False,False
4L7G,52d2e2cddbd6c2ca52b2a6692a1be706,1.407840948640444,6.619709551048577,False,False
4L7G,6ed539a8e565bc920be9f146e577ce98,3.2069754865749416,11.287541130104037,False,True
4L7G,71d81c144a98e11bef7a990464b30910,1.366428320092105,4.077574970374566,False,False
4L7G,7f8c5f877cc7df732365ed9f3035e71a,4.774706174588214,21.06541058647702,False,True
4L7G,824df1fae448411a738d6987cd933d7b,4.163825369380557,20.778256303092597,False,True
4L7G,9510387a41d9428f814f1e8a487e626d,11.399667983340578,37.30840013544995,True,True
4L7G,ab32da1f7ea48da050cb3f074c41b42f,1.3099646534321443,4.9463328081328655,False,False
4L7G,b1a7ee597e9d75bd95fcad2e74c8ab83,1.0212348156685145,3.2907079775916204,False,False
4L7G,b7649d4e54db2998f4f380ff5b78484d,2.1059110346592993,9.677242027276106,False,True
4L7G,c3abed8fe47c90e2af144bafbdc1da21,2.4958533423558844,8.29078958956285,False,True
4L7G,c3e6f0472fa7320f5e210e26cfc4ecec,2.422392994425305,5.491815165173061,False,False
4L7G,c5b72985a64d484d55f5162f79464155,3.031972376616848,10.25230972958089,False,True
4L7G,c83d057a219e5a25a09f354503a70d4d,1.7356897338762884,3.5281101589838992,False,False
4L7G,cf4a8047b69fbbe4ae6525a51c3063a1,2.0036686721249044,10.028403902340976,False,True
4L7G,d1d524dd925a24438ecd2d014b089d87,3.683398113110492,15.282248683058341,False,True
4L7G,e123cf065380d0b0c8f3053e9ba7be61,1.963541411810254,5.669403321042834,False,False
4L7G,e3b605e5b9101a4f3fa1aae790d69360,2.301552299502122,8.521659754175092,False,True
4L7G,e8db4af0c7a34ddcd59bd43979c83a63,2.8350213129799062,15.127322594936139,False,True
4L7G,ec4ccad83d01498f18eec3728419c3aa,1.3676946347202557,5.634701863534468,False,False
4L7G,ee2e7b45aae1b85d5c18aad16d03d855,3.3654910717771713,23.46947159733877,False,True
4L7G,f5b52bef73821d9cc3d674e42de6608f,4.997019627941496,28.125508572559433,False,True
4QB3,04d89e15e651861ca58bbec52b719c49,2.0685866667346033,4.294790725659744,False,False
4QB3,0b4fbf7130a60ebdf348cd8d14c36b77,2.2509707381294985,4.444928854784954,False,False
4QB3,15044c0c9f83bb877f5ea28fece53a3d,1.22751235657425,4.131035301597259,False,False
4QB3,2b0132dda46dfc13890fc97f3e161079,3.1479711506090813,7.334916669771724,False,False
4QB3,3dd7fe0b27b084a92f8091446da1a66e,3.1396285805175683,6.856896093372184,False,False
4QB3,492b610efd391e76c199bfed5b16cf2a,3.993036191686599,14.965360636332967,False,True
4QB3,594685ab2c2c7dfb758c69d0a9bc2a8d,0.896272768381718,3.561121601179853,False,False
4QB3,605f40bd8c866d6adb1d6f2bec42c9b3,1.9699988493773493,6.18686793039886,False,False
4QB3,65316367b1c7ba80511f9cb5fb2fd2a4,2.727676276482793,4.753491276929713,False,False
4QB3,6b43e44fb3ada6de6c351a68d32eaa65,2.3051950282464686,8.602217900286709,False,True
4QB3,6f8f3139923f55cc6cf8ceaccedb3aa4,2.228612008903498,7.876728051065845,False,False
4QB3,71610ced88f2d058ad64b79635b26b20,5.23055028070027,12.002504763495969,False,True
4QB3,749b421329101fb34bf4c33daa32ff2e,9.270036077725095,16.30709887280699,True,True
4QB3,79ff013c97a88f8bec1adfae42218746,11.118703687834111,14.875225183123009,True,True
4QB3,8016222bad11f4d65a8f6f4e49b5cd67,2.230073489592285,9.524451572705038,False,True
4QB3,8072d1cd9b9a836cbeec520610c1f9bd,1.8903949839656704,7.013024550918095,False,False
4QB3,80b0fe984d15b87a9da0bed91ab28b29,0.6987666801302009,2.60473730622211,False,False
4QB3,8a909432391c80b5414f2aed6279b942,1.1940252030572087,8.965981991194754,False,True
4QB3,971c944ef6916e2840b6d63b8f00425e,2.763846731247437,6.498470122578978,False,False
4QB3,aa4ab13cb4df4d90f08700b97350a57b,2.6783666224193974,5.72765315629248,False,False
4QB3,ac6254a319053d53d01f6c8c06bc783d,3.8417946858289134,10.154883109195204,False,True
4QB3,b2d145c83fe363359f846985aa11d3ba,2.4414940073508733,8.771732356042522,False,True
4QB3,bf34923dc4f956fa0c26fb0a54550049,1.127604765203868,2.8882894054171406,False,False
4QB3,cc7b6263adb98dd621cdb08fde955a6f,3.3843355100552146,9.02303636420393,False,True
4QB3,ce9a796b1b540bd01171a965543d5ed4,13.719294233068188,16.677534097567335,True,True
4QB3,d14a66e8dd811490ccafaf75afa970de,2.5773695030258623,6.133792971933916,False,False
4QB3,e157f064686d18428292a95c75eebffe,23.22856751919927,25.25067853541616,True,True
4QB3,eb86c0e119d2fe75487a399c76724176,3.0875846871850356,6.034524948658008,False,False
4QB3,ec69e1666eb0eb27ed19cf2994bc675f,4.423719252618039,16.095773009038044,False,True
4QB3,fa512f9f244e78009694ff207c157f04,2.151023957108925,10.60182269839186,False,True
5HU9,066409425aa3969efdeb577c7443fbbd,5.664766953861459,23.59786527560317,False,True
5HU9,0d441b18656df0b6da1659391eb123e7,4.316060707163383,15.58376231661646,False,True
5HU9,11575d57d06531080c7c3f1703538086,2.4204064512218397,10.194302348119033,False,True
5HU9,12004f3f2e7c95e0f8ddf8877cb7684c,2.366352890767986,10.373252242658776,False,True
5HU9,1dd183338ac9d0d5904e89f4aca06e34,3.1404683465773875,14.734062079122712,False,True
5HU9,2be277119d6eae84726b1921013ba77e,4.2812165157912565,12.02843331096659,False,True
5HU9,302044e4781ac510fc30f16377e71d45,4.295253267111556,18.24306025561701,False,True
5HU9,353af6c9cfe7ecb0019d13eaa7b46eaf,2.801454851184558,7.2501619336737075,False,False
5HU9,3d395f6de7723b7b1aeebfb375bb1c5d,46.34357371191164,48.93436232794669,True,True
5HU9,3fa0c6c3d51d517940f2d737b2a070f2,53.78007107392151,58.15297605520532,True,True
5HU9,427745a99482f89e2af213daac24f2c4,26.531101255200436,52.299948920941475,True,True
5HU9,47d61683781a3671bead51f8f8e84eb9,7.810969109099761,37.34470690942073,True,True
5HU9,57f8d9f325a6ba6d6f33f1306c042866,2.848901148444128,9.908146890652933,False,True
5HU9,5aeaf69cbe372b3d35c6e0ef066dc05b,49.13541648622733,57.99203192418627,True,True
5HU9,6625c7dedbb9078036a34c78f2ad4182,3.844125337737621,9.04046497997579,False,True
5HU9,6fe2e1378b320a53571e4688376156bc,43.83563064233116,52.800631809925044,True,True
5HU9,83426a9786b17364e36e1efe6db37be6,50.62331966110333,53.4908508337425,True,True
5HU9,8b7977f1eab9ea4074744154d19bfa8d,4.004601700146227,12.58997709713283,False,True
5HU9,8f625b232d5b3f24ef0fccc5663f85b7,25.420877864091175,53.74597113398263,True,True
5HU9,9c39d3ac13c2b5c81959b897757d862d,2.604004147059608,12.38206845622424,False,True
5HU9,a9feaf2e38ac31b8f513a09f91500ce9,3.5704369227739976,14.365946187499869,False,True
5HU9,b97da2a131609768b2ffb5b85b870db2,3.0812429128191368,13.47179846181964,False,True
5HU9,b9b9bfeefa0e6a15732b8a6efe510a7f,4.669703923970562,16.095518057423728,False,True
5HU9,bc27b2dd2f1cfe96f171984d54609c4e,5.107916826357776,15.157186410747583,False,True
5HU9,cee48dd72369c4e1f48b01651c970791,5.80916851530986,28.36901355160138,False,True
5HU9,d4f996968bb63065cac387c064aaed66,45.68121104318693,50.49101249675046,True,True
5HU9,d53bf0815e07a7eed23cd2bbc64997ea,3.3245915660500733,17.682786230629418,False,True
5HU9,e111d883881d5735e54ce398821e189a,19.47665661408303,46.02990046738791,True,True
5HU9,e705cc4eb668b2bbc015283bc2b78b89,3.0577195605200744,6.857358881136669,False,False
5HU9,ee504f886574b282ca630cb14509614b,33.9645018295923,61.29198459726632,True,True
8ELC,04e69510b344ad3e65a21130b7429d06,1.2923608579005124,5.939247211038218,False,False
8ELC,1468bf8fe44d2660d4245111ed256bb3,3.1608435354312086,14.303208127567155,False,True
8ELC,14e61945a20724d1818139fef8823538,3.1193003467149634,12.402784703319146,False,True
8ELC,1c58151c5cca3757a0dafb204cf925ad,1.8735076801210298,8.783959152181735,False,True
8ELC,22449a0ea60f206a1700d752b8923709,0.7539317989352265,2.6552146605236637,False,False
8ELC,3701efaa518b8864dbdbd2befc3c3bad,2.0085450330295833,6.391195517562709,False,False
8ELC,3b35ddb2b8a33d05d6b5870a9da6c712,2.234441005601056,12.549551966987819,False,True
8ELC,3f4c270aff052556802e3ea59a80940f,1.2788935234893328,5.952099484917741,False,False
8ELC,48a1e72551999e470167671de99c60b0,2.852613500880068,10.011335748246557,False,True
8ELC,4ec28cb2a7a8589319f3a418eb12f1fd,2.201186587587957,5.328246088332322,False,False
8ELC,519f148d49ef68ce3782c8eab23fa39e,1.9357017547320505,5.35850781292927,False,False
8ELC,6e359d9430a2de705d89d808ead7c331,1.6839647657421466,5.701808663007804,False,False
8ELC,6f6836389edc435ef5de6a0ca5c25474,2.167235189347814,7.086415496285405,False,False
8ELC,70ccfc52bf05ee3830737995c6d93f9c,1.4296610604876943,2.7338802750264994,False,False
8ELC,73ee76fa0a7cddc97ed2eb037810cd66,1.7752807318320565,3.1033339145849204,False,False
8ELC,8334c32de8facb541aeda11ba000b299,2.3158119765326712,5.741833195474294,False,False
8ELC,8dcaa68c20948305aa767048b2da4ec2,3.4395547068258634,10.666909669895878,False,True
8ELC,9c898bacf201efb96fbd136bddcadbcd,4.015559817257921,6.657383832200412,False,False
8ELC,a2698e5db085c1959923b7b6eca55067,2.236484078746835,6.17921753184657,False,False
8ELC,b336313e484c9484749cc0714b940ff4,3.80317504171802,8.878184420196478,False,True
8ELC,b4b28e7bbe6caf601c6f1d9f426e6b74,1.9364757956855332,7.298992220751253,False,False
8ELC,bc9b7c54eb864a288d845c2e1a4018a9,2.6554833573232135,6.572154821187101,False,False
8ELC,c52270f78e77bf608aafaa68736e6b18,2.542797876824093,7.236874178008587,False,False
8ELC,ccb9fbbe8dccd3e51806073eb486a17c,2.2125001096968586,3.948552049510658,False,False
8ELC,ceb2b49097d65c6344d7760b76a49be7,4.42147884969769,13.772104358257742,False,True
8ELC,db2ffa37256932f6732629ec5f2a035f,2.4558839279575606,7.859408253468644,False,False
8ELC,ee389516e27a1853ac625548d8ca9482,0.9499835005739654,4.803118363051335,False,False
8ELC,eff71722c9c04f7e61a0cf427b3c6019,1.5278841973989015,6.067847611444959,False,False
8ELC,f444bf4b2a5712cdb76e326e74202030,1.6483959837278181,7.706128551081321,False,False
8ELC,fae572d9925f12e9cf58d65f8235a662,1.2894565322055214,3.8878431535430678,False,False
9D9I,03f5731ad72b97ea2fd1ec352fe5dde0,3.47240583181493,9.161248439444307,False,True
9D9I,0a8bd2b181a818ac245c132acb3ffd18,4.472686029510803,12.549874476846064,False,True
9D9I,0ba0e185398f759ca91fbd5fa3f0803a,3.018866061061713,11.045516661696396,False,True
9D9I,0f35616c28aaaf8c39fd2467e3d2cebd,5.8325381201028526,13.94016937801672,False,True
9D9I,1a263985d22c81f9d3e9eb46e23d21ab,4.676984246595746,11.091056343796955,False,True
9D9I,1bf5ed1e98a047c67826a7fd54dcf64f,3.058200695804217,8.115477483213075,False,True
9D9I,1f270ea65cd761a78a0ed8ab4ee8fec0,4.838182991222446,8.88283310459691,False,True
9D9I,266bbb49e60781aca4002ea95c99c033,3.401032969286799,8.542781623434307,False,True
9D9I,282b4e352d38ef07443209435439bcea,3.4510728293058452,9.545999578212385,False,True
9D9I,295199ed8a4621a340b6b79b4024bec4,3.961369385972863,11.349142768888564,False,True
9D9I,2b0f0d7f8914675eaf8e2f5aee81598d,3.2106548209219206,9.56977656367907,False,True
9D9I,395f47b77b5f161c28c20393b39e9076,4.558864330904658,11.31576914417897,False,True
9D9I,59573ee97914f33c9708de5aa2e356b5,7.0520239715601045,9.666941453771242,True,True
9D9I,5b6d2943bab2409bd0928714d9016311,3.5734100359355994,10.278051659531217,False,True
9D9I,5e2a23cb4d697cfdd0e84f4a2481d982,3.750524857229984,9.334665153184048,False,True
9D9I,69ea6e3ad23ea569f4bbfa0263cb5bdc,2.7921853535114103,5.610122092988108,False,False
9D9I,7f401a529b655f4a54438d8f5d6f0225,2.677249842317843,6.272054034615923,False,False
9D9I,909628c1d41006cf8bdc95b988228e4f,4.202803440777686,7.642197289688444,False,False
9D9I,ace45146c6a78c8039ff1fcd87b39fda,3.2183943046576102,10.788926512158142,False,True
9D9I,b6465c8ac0ed173d3faf7c401e0c4924,2.1286947908893836,7.619853764776679,False,False
9D9I,b8ac149673f7c3cd33b88439965cd67f,2.162721262520978,8.7283606787553,False,True
9D9I,b935f060fc633ecb59aac069eeb99d71,4.4449852609410145,9.794459076685783,False,True
9D9I,ca3e30b78b8b15c1aa76fed50341d715,5.971470582547529,15.711078264580436,False,True
9D9I,d4a029e120a4109e548f939835fea733,3.329066487396524,11.943203719355907,False,True
9D9I,d8a2b383fc51f79cc2469b166af9122c,2.3422659600358955,6.62447169400679,False,False
9D9I,de1492a39ee5b6346482dc83a1060a60,2.321185115802456,5.930474697604663,False,False
9D9I,e13195a3669e20a1cb71ccb752460291,3.446016009598338,9.8632125854898,False,True
9D9I,e5ec85f1b96ce3d4ca5d747969350f0f,4.521997341486485,5.701558741204342,False,False
9D9I,f3bf65b5c175c4eb9a32b952ec009daa,3.4735110495139945,11.214756364721437,False,True
9D9I,fa95727eed889db7226aa52d7509284a,4.590574495333445,10.247098491771919,False,True
9SI4,01bd41af226d7f8d1e5fdb361b0b562d,7.988317661813982,20.66014591765949,True,True
9SI4,047b4e5133e0d4a8a3c4c2b9f29f5ee1,2.1608942438474847,3.524192687869444,False,False
9SI4,0b8c97a20e0da60b11a122b27f6c8b62,2.62930806445831,13.326525862841248,False,True
9SI4,196b38c7ef93d3d9da6c8ba5fbe7cc36,2.343379231188088,11.352553517649739,False,True
9SI4,238dd65aac42b2b34162c0b51a84d1db,4.092831495098302,18.0561031741363,False,True
9SI4,253860e6145c4fd6dd9cbc288515e367,12.539452894946926,42.22482678409192,True,True
9SI4,359e38e810d725751e2260e2b3006df9,1.245004408434443,3.8818164683342133,False,False
9SI4,4be7a12b601883e91811eeb2e0c4ed4b,3.561700142798285,7.221179549434707,False,False
9SI4,543c819ac4256fe5b41298770a798122,2.38198031968102,5.28447622793195,False,False
9SI4,5d9bbfbd38feae26823caf531a5db1a6,16.583353108089803,33.30001781373645,True,True
9SI4,62064a9f6b5d461a4c097abbc9bffe7a,1.964563998465691,5.010537178674,False,False
9SI4,6564af0e70be4d43388870363762e68c,6.122311876174987,16.97982073845225,True,True
9SI4,65fcca610b91676d473a89c0858c6ffc,15.122668756431494,44.34199490012742,True,True
9SI4,69da907af4c1f2f8307d027d4ab80d72,2.612474463952023,7.471356957523813,False,False
9SI4,737df570b627d06e92101677b4e3da21,2.3190500621871712,5.930465354897811,False,False
9SI4,9962e35d818f378081860dfde6088db5,6.767864787129794,25.842746117704994,True,True
9SI4,9e7607ef3d929c5fd46ea0dc7f23f535,2.69012095332955,10.479165977346884,False,True
9SI4,9fdebd3e36d16344b05f496394363d9c,0.8574576708428098,1.952802741646522,False,False
9SI4,a5b2fb04b878e9fff4b764e79cf06db2,2.5837867122666287,6.664664214821022,False,False
9SI4,bb0523a55a6136f05a592d05fd8ff8de,7.011409515643996,20.92822732986201,True,True
9SI4,d005b3d8ed6ab71e5ebd50c1b26a2ffb,2.3796329697015413,5.3958657985912835,False,False
9SI4,d1324bec8ed2f7c4caac7dd5ac774f98,8.830420275594175,28.122160429732357,True,True
9SI4,d9a52d46c0ccf0c1913e0eebbacfc330,4.8082849891132025,19.386110581222283,False,True
9SI4,dbc5bdf0c84f89a682be5ac536c00bd2,4.658776319391762,17.925254501273063,False,True
9SI4,de91618eee657d877d0668058bd50ff6,5.168317039644085,20.747552143030234,False,True
9SI4,e8397fcd2197e27d094058bc02fbba6a,2.152290687138882,3.8454001817547563,False,False
9SI4,eb1eb691e1c65761a234212818817153,3.59374999478345,10.822926093147112,False,True
9SI4,f93dfb8ee56b2a98182d0adc1030c114,3.8762585311736957,11.07545551863211,False,True
9SI4,fc4ddc57541f29488f09921d9b36bc97,5.032724529085339,15.764514549280474,False,True
9SI4,ffdbd2aa8cc03f78eb6b433fe1a74c09,4.217237322929559,19.264300997796912,False,True
