donor_ix	hydrogen_ix	acceptor_ix
ARG:N	ALA:O	3
ARG:N	ARG:O	41
ARG:N	ASP:O	158
ARG:N	GLN:N	1
ARG:N	GLN:O	23
ARG:N	GLU:O	164
ASN:N	ASP:O	33
ASN:N	SER:O	146
ASN:N	TYR:O	8
ASN:N	UNK:O	46
ASP:N	ASN:O	132
GLN:N	ALA:N	1
GLN:N	ARG:N	2
GLN:N	ASP:O	41
GLN:N	GLN:O	10
GLN:N	GLU:O	18
GLN:N	GLY:O	4
GLN:N	TYR:O	1
GLY:N	ALA:O	1
GLY:N	GLY:O	151
GLY:N	VAL:O	171
LYS:N	GLN:O	46
LYS:N	GLU:O	156
LYS:N	UNK:O	15
MET:N	UNK:N	1
SER:O	GLY:O	27
SER:O	UNK:O	2
TYR:O	ASN:N	1
TYR:O	ASN:O	1
TYR:O	ASP:O	47
TYR:O	GLN:O	1
TYR:O	SER:O	4
